Workbook

Sheet FY10 Totals
D1: Project Automation - FY 2010
B2: Test Cases | D2: Q1 | E2: Q2 | F2: Q3 | G2: Q4 | H2: Total Scripts | I2: % FY2010 Automation | J2: Total Project Automation | L2: Automation to Date
A3: Automation Type | B3: WinR | C3: New TC | D3: TS | E3: TS | F3: TS | G3: TS | H3: FY 2010 | J3: TC | K3: TS
A4: MAP - Pro/JCL | B4: ='FY2010 Coverage'!E25 -> 285 | C4: ='FY2010 Coverage'!F25 -> 0 | D4: ='FY2010 Coverage'!G25 -> 21 | E4: ='FY2010 Coverage'!H25 -> 0 | F4: ='FY2010 Coverage'!I25 -> 0 | G4: ='FY2010 Coverage'!J25 -> 0 | H4: ='FY2010 Coverage'!K25 -> 21 | I4: =H4/J4 -> 0.073684211 | J4: =SUM(B4:C4) -> 285 | K4: ='FY2010 Coverage'!L25 -> 253 | L4: =K4/J4 -> 0.8877193
A5: MAP - Info/Xe | B5: ='FY2010 Coverage'!E50 -> 173 | C5: ='FY2010 Coverage'!F50 -> 2 | D5: ='FY2010 Coverage'!G50 -> 4 | E5: ='FY2010 Coverage'!H50 -> 71 | F5: ='FY2010 Coverage'!I50 -> 0 | G5: ='FY2010 Coverage'!J50 -> 0 | H5: ='FY2010 Coverage'!K50 -> 75 | I5: =H5/J5 -> 0.42857143 | J5: =SUM(B5:C5) -> 175 | K5: =SUM(C5,D5,E5,F5) -> 77 | L5: =K5/J5 -> 0.44
A7: Totals | B7: =SUM(B4:B6) -> 458 | C7: =SUM(C4:C6) -> 2 | D7: =SUM(D4:D6) -> 25 | E7: =SUM(E4:E6) -> 71 | F7: =SUM(F4:F6) -> 0 | G7: =SUM(G4:G6) -> 0 | H7: =SUM(H4:H6) -> 96 | I7: =H7/J7 -> 0.20869565 | J7: =SUM(J4:J6) -> 460 | K7: =SUM(K4:K6) -> 330 | L7: =K7/J7 -> 0.7173913
A12: Totals for each Automation Developer
B13: Test Cases | D13: Q1 | E13: Q2 | F13: Q3 | G13: Q4 | H13: Total Scripts | I13: % FY2010 Automation | J13: Developer Totals | L13: Automation by Developer
A14: Developer | B14: WinR | C14: New TC | D14: TS | E14: TS | F14: TS | G14: TS | H14: FY 2010 | J14: TC | K14: TS
A15: Claudie | B15: ='FY2010 Coverage'!E58 -> 368 | C15: ='FY2010 Coverage'!F58 -> 1 | D15: ='FY2010 Coverage'!G58 -> 24 | E15: ='FY2010 Coverage'!H58 -> 62 | F15: ='FY2010 Coverage'!I58 -> 0 | G15: ='FY2010 Coverage'!J58 -> 0 | H15: ='FY2010 Coverage'!K58 -> 86 | I15: =H15/J15 -> 0.23306233 | J15: =SUM(B15:C15) -> 369 | K15: ='FY2010 Coverage'!L58 -> 318 | L15: =K15/J15 -> 0.86178862
A16: Lisa | B16: ='FY2010 Coverage'!E60 -> 90 | C16: ='FY2010 Coverage'!F62 -> 0 | D16: ='FY2010 Coverage'!G60 -> 1 | E16: ='FY2010 Coverage'!H60 -> 11 | F16: ='FY2010 Coverage'!I60 -> 0 | G16: ='FY2010 Coverage'!J60 -> 0 | H16: ='FY2010 Coverage'!K60 -> 10 | I16: =H16/J16 -> 0.11111111 | J16: =SUM(B16:C16) -> 90 | K16: ='FY2010 Coverage'!L60 -> 10 | L16: =K16/J16 -> 0.11111111
A17: Scott | B17: ='FY2010 Coverage'!E59 -> 0 | C17: ='FY2010 Coverage'!F61 -> 0 | D17: ='FY2010 Coverage'!G59 -> 0 | E17: ='FY2010 Coverage'!H59 -> 0 | F17: ='FY2010 Coverage'!I59 -> 0 | G17: ='FY2010 Coverage'!J59 -> 0 | H17: ='FY2010 Coverage'!K59 -> 0 | J17: =SUM(B17:C17) -> 0 | K17: ='FY2010 Coverage'!L59 -> 0
A18: Totals | B18: =SUM(B15:B16) -> 458 | C18: =SUM(C15:C16) -> 1 | D18: =SUM(D15:D16) -> 25 | E18: =SUM(E15:E16) -> 73 | F18: =SUM(F15:F16) -> 0 | G18: =SUM(G15:G16) -> 0 | H18: =SUM(H15:H16) -> 96 | I18: =H18/J18 -> 0.20915033 | J18: =SUM(J15:J16) -> 459 | K18: =SUM(K15:K17) -> 328 | L18: =K18/J18 -> 0.71459695

Sheet FY2010 Coverage
A1: Automation Type | B1: Product | C1: Area Covered | D1: Owner | E1: WinRunner Cases | F1: New Test Cases | G1: Scripts Q1 | H1: Scripts Q2 | I1: Scripts Q3 | J1: Scripts Q4 | K1: Scripts FY10 | L1: Total Scripts | M1: % complt
A2: MAP | B2: Pro/JCL | C2: Admin | D2: Claudie | E2: ='Coverage-Detail-ProJcl-2010'!A12 -> 7 | F2: ='Coverage-Detail-ProJcl-2010'!E12 -> 0 | G2: =COUNTIF('Coverage-Detail-ProJcl-2010'!H5:H11,"Q1") -> 0 | H2: =COUNTIF('Coverage-Detail-ProJcl-2010'!H5:H11,"Q2") -> 0 | I2: =COUNTIF('Coverage-Detail-ProJcl-2010'!H5:H11,"Q3") -> 0 | J2: =COUNTIF('Coverage-Detail-ProJcl-2010'!H5:H11,"Q4") -> 0 | K2: =SUM(G2:J2) -> 0 | L2: =COUNTIF('Coverage-Detail-ProJcl-2010'!D5:D11,"X") -> 6 | M2: =L2/E2*100 -> 85.714286
A3: MAP | B3: Pro/JCL | C3: Help | D3: Claudie | E3: =SUM('Coverage-Detail-ProJcl-2010'!A32,'Coverage-Detail-ProJcl-2010'!A21) -> 14 | F3: ='Coverage-Detail-ProJcl-2010'!E32 -> 0 | G3: =COUNTIF('Coverage-Detail-ProJcl-2010'!H15:H31,"Q1") -> 0 | H3: =COUNTIF('Coverage-Detail-ProJcl-2010'!H15:H31,"Q2") -> 0 | I3: =COUNTIF('Coverage-Detail-ProJcl-2010'!H15:H31,"Q3") -> 0 | J3: =COUNTIF('Coverage-Detail-ProJcl-2010'!H15:H31,"Q4") -> 0 | K3: =SUM(G3:J3) -> 0 | L3: =COUNTIF('Coverage-Detail-ProJcl-2010'!D15:D31,"X") -> 14 | M3: =L3/E3*100 -> 100
A4: MAP | B4: Pro/JCL | C4: JJ | D4: Claudie | E4: =SUM('Coverage-Detail-ProJcl-2010'!A52,'Coverage-Detail-ProJcl-2010'!A87) -> 50 | F4: ='Coverage-Detail-ProJcl-2010'!E87 -> 0 | G4: =COUNTIF('Coverage-Detail-ProJcl-2010'!H34:H86,"Q1") -> 1 | H4: =COUNTIF('Coverage-Detail-ProJcl-2010'!H34:H86,"Q2") -> 0 | I4: =COUNTIF('Coverage-Detail-ProJcl-2010'!H34:H86,"Q3") -> 0 | J4: =COUNTIF('Coverage-Detail-ProJcl-2010'!H34:H86,"Q4") -> 0 | K4: =SUM(G4:J4) -> 1 | L4: =COUNTIF('Coverage-Detail-ProJcl-2010'!D34:D86,"X") -> 49 | M4: =L4/E4*100 -> 98
A5: MAP | B5: Pro/JCL | C5: JJDirect | D5: Claudie | E5: ='Coverage-Detail-ProJcl-2010'!A105 -> 15 | F5: ='Coverage-Detail-ProJcl-2010'!E105 -> 0 | G5: =COUNTIF('Coverage-Detail-ProJcl-2010'!H90:H104,"Q1") -> 4 | H5: =COUNTIF('Coverage-Detail-ProJcl-2010'!H90:H104,"Q2") -> 0 | I5: =COUNTIF('Coverage-Detail-ProJcl-2010'!H90:H104,"Q3") -> 0 | J5: =COUNTIF('Coverage-Detail-ProJcl-2010'!H90:H104,"Q4") -> 0 | K5: =SUM(G5:J5) -> 4 | L5: =COUNTIF('Coverage-Detail-ProJcl-2010'!D90:D104,"X") -> 13 | M5: =L5/E5*100 -> 86.666667
A6: MAP | B6: Pro/JCL | C6: JJScan | D6: Claudie | E6: ='Coverage-Detail-ProJcl-2010'!A111 -> 3 | F6: ='Coverage-Detail-ProJcl-2010'!E111 -> 0 | G6: =COUNTIF('Coverage-Detail-ProJcl-2010'!H108:H110,"Q1") -> 1 | H6: =COUNTIF('Coverage-Detail-ProJcl-2010'!H108:H110,"Q2") -> 0 | I6: =COUNTIF('Coverage-Detail-ProJcl-2010'!H108:H110,"Q3") -> 0 | J6: =COUNTIF('Coverage-Detail-ProJcl-2010'!H108:H110,"Q4") -> 0 | K6: =SUM(G6:J6) -> 1 | L6: =COUNTIF('Coverage-Detail-ProJcl-2010'!D108:D110,"X") -> 3 | M6: =L6/E6*100 -> 100
A7: MAP | B7: Pro/JCL | C7: JMP | D7: Claudie | E7: ='Coverage-Detail-ProJcl-2010'!A138 -> 25 | F7: ='Coverage-Detail-ProJcl-2010'!E138 -> 0 | G7: =COUNTIF('Coverage-Detail-ProJcl-2010'!H113:H137,"Q1") -> 3 | H7: =COUNTIF('Coverage-Detail-ProJcl-2010'!H113:H137,"Q2") -> 0 | I7: =COUNTIF('Coverage-Detail-ProJcl-2010'!H113:H137,"Q3") -> 0 | J7: =COUNTIF('Coverage-Detail-ProJcl-2010'!H113:H137,"Q4") -> 0 | K7: =SUM(G7:J7) -> 3 | L7: =COUNTIF('Coverage-Detail-ProJcl-2010'!D113:D137,"X") -> 25 | M7: =L7/E7*100 -> 100
A8: MAP | B8: Pro/JCL | C8: MISC | D8: Claudie | E8: ='Coverage-Detail-ProJcl-2010'!A142 -> 7 | F8: ='Coverage-Detail-ProJcl-2010'!E142 -> 0 | G8: =COUNTIF('Coverage-Detail-ProJcl-2010'!H140:H141,"Q1") -> 0 | H8: =COUNTIF('Coverage-Detail-ProJcl-2010'!H140:H141,"Q2") -> 0 | I8: =COUNTIF('Coverage-Detail-ProJcl-2010'!H140:H141,"Q3") -> 0 | J8: =COUNTIF('Coverage-Detail-ProJcl-2010'!H140:H141,"Q4") -> 0 | K8: =SUM(G8:J8) -> 0 | L8: =COUNTIF('Coverage-Detail-ProJcl-2010'!D133:D141,"X") -> 5 | M8: =L8/E8*100 -> 71.428571
A9: MAP | B9: Pro/JCL | C9: Product Usage | D9: Claudie | E9: ='Coverage-Detail-ProJcl-2010'!A146 -> 1 | F9: ='Coverage-Detail-ProJcl-2010'!E146 -> 0 | G9: =COUNTIF('Coverage-Detail-ProJcl-2010'!H144:H145,"Q1") -> 0 | H9: =COUNTIF('Coverage-Detail-ProJcl-2010'!H144:H145,"Q2") -> 0 | I9: =COUNTIF('Coverage-Detail-ProJcl-2010'!H144:H145,"Q3") -> 0 | J9: =COUNTIF('Coverage-Detail-ProJcl-2010'!H144:H145,"Q4") -> 0 | K9: =SUM(G9:J9) -> 0 | L9: =COUNTIF('Coverage-Detail-ProJcl-2010'!D144:D145,"X") -> 0 | M9: =L9/E9*100 -> 0
A10: MAP | B10: Pro/JCL | C10: Reformat | D10: Claudie | E10: ='Coverage-Detail-ProJcl-2010'!A168 -> 20 | F10: ='Coverage-Detail-ProJcl-2010'!E168 -> 0 | G10: =COUNTIF('Coverage-Detail-ProJcl-2010'!H148:H167,"Q1") -> 1 | H10: =COUNTIF('Coverage-Detail-ProJcl-2010'!H148:H167,"Q2") -> 0 | I10: =COUNTIF('Coverage-Detail-ProJcl-2010'!H148:H167,"Q3") -> 0 | J10: =COUNTIF('Coverage-Detail-ProJcl-2010'!H148:H167,"Q4") -> 0 | K10: =SUM(G10:J10) -> 1 | L10: =COUNTIF('Coverage-Detail-ProJcl-2010'!D148:D167,"X") -> 16 | M10: =L10/E10*100 -> 80
A11: MAP | B11: Pro/JCL | C11: Remote Validation | D11: Claudie | E11: ='Coverage-Detail-ProJcl-2010'!A179 -> 8 | F11: ='Coverage-Detail-ProJcl-2010'!E179 -> 0 | G11: =COUNTIF('Coverage-Detail-ProJcl-2010'!H171:H178,"Q1") -> 2 | H11: =COUNTIF('Coverage-Detail-ProJcl-2010'!H171:H178,"Q2") -> 0 | I11: =COUNTIF('Coverage-Detail-ProJcl-2010'!H171:H178,"Q3") -> 0 | J11: =COUNTIF('Coverage-Detail-ProJcl-2010'!H171:H178,"Q4") -> 0 | K11: =SUM(G11:J11) -> 2 | L11: =COUNTIF('Coverage-Detail-ProJcl-2010'!D171:D178,"X") -> 8 | M11: =L11/E11*100 -> 100
A12: MAP | B12: Pro/JCL | C12: RTS | D12: Claudie | E12: =SUM('Coverage-Detail-ProJcl-2010'!A201,'Coverage-Detail-ProJcl-2010'!A231) -> 47 | F12: ='Coverage-Detail-ProJcl-2010'!E231 -> 0 | G12: =COUNTIF('Coverage-Detail-ProJcl-2010'!H181:H230,"Q1") -> 0 | H12: =COUNTIF('Coverage-Detail-ProJcl-2010'!H181:H230,"Q2") -> 0 | I12: =COUNTIF('Coverage-Detail-ProJcl-2010'!H181:H230,"Q3") -> 0 | J12: =COUNTIF('Coverage-Detail-ProJcl-2010'!H181:H230,"Q4") -> 0 | K12: =SUM(G12:J12) -> 0 | L12: =COUNTIF('Coverage-Detail-ProJcl-2010'!D181:D230,"X") -> 40 | M12: =L12/E12*100 -> 85.106383
A13: MAP | B13: Pro/JCL | C13: Scheduler | D13: Claudie | E13: ='Coverage-Detail-ProJcl-2010'!A260 -> 26 | F13: ='Coverage-Detail-ProJcl-2010'!E260 -> 0 | G13: =COUNTIF('Coverage-Detail-ProJcl-2010'!H234:H259,"Q1") -> 0 | H13: =COUNTIF('Coverage-Detail-ProJcl-2010'!H234:H259,"Q2") -> 0 | I13: =COUNTIF('Coverage-Detail-ProJcl-2010'!H234:H259,"Q3") -> 0 | J13: =COUNTIF('Coverage-Detail-ProJcl-2010'!H234:H259,"Q4") -> 0 | K13: =SUM(G13:J13) -> 0 | L13: =COUNTIF('Coverage-Detail-ProJcl-2010'!D234:D259,"X") -> 20 | M13: =L13/E13*100 -> 76.923077
A14: MAP | B14: Pro/JCL | C14: Selection Exit | D14: Claudie | E14: ='Coverage-Detail-ProJcl-2010'!A264 -> 1 | F14: ='Coverage-Detail-ProJcl-2010'!E264 -> 0 | G14: =COUNTIF('Coverage-Detail-ProJcl-2010'!H262:H263,"Q1") -> 0 | H14: =COUNTIF('Coverage-Detail-ProJcl-2010'!H262:H263,"Q2") -> 0 | I14: =COUNTIF('Coverage-Detail-ProJcl-2010'!H262:H263,"Q3") -> 0 | J14: =COUNTIF('Coverage-Detail-ProJcl-2010'!H262:H263,"Q4") -> 0 | K14: =SUM(G14:J14) -> 0 | L14: =COUNTIF('Coverage-Detail-ProJcl-2010'!D262:D263,"X") -> 1 | M14: =L14/E14*100 -> 100
A15: MAP | B15: Pro/JCL | C15: Selection List | D15: Claudie | E15: ='Coverage-Detail-ProJcl-2010'!A274 -> 7 | F15: ='Coverage-Detail-ProJcl-2010'!E274 -> 0 | G15: =COUNTIF('Coverage-Detail-ProJcl-2010'!H263:H273,"Q1") -> 0 | H15: =COUNTIF('Coverage-Detail-ProJcl-2010'!H263:H273,"Q2") -> 0 | I15: =COUNTIF('Coverage-Detail-ProJcl-2010'!H263:H273,"Q3") -> 0 | J15: =COUNTIF('Coverage-Detail-ProJcl-2010'!H263:H273,"Q4") -> 0 | K15: =SUM(G15:J15) -> 0 | L15: =COUNTIF('Coverage-Detail-ProJcl-2010'!D266:D272,"X") -> 6 | M15: =L15/E15*100 -> 85.714286
A16: MAP | B16: Pro/JCL | C16: Shared | D16: Claudie | E16: ='Coverage-Detail-ProJcl-2010'!A284 -> 7 | F16: ='Coverage-Detail-ProJcl-2010'!E284 -> 0 | G16: =COUNTIF('Coverage-Detail-ProJcl-2010'!H276:H283,"Q1") -> 6 | H16: =COUNTIF('Coverage-Detail-ProJcl-2010'!H276:H283,"Q2") -> 0 | I16: =COUNTIF('Coverage-Detail-ProJcl-2010'!H276:H283,"Q3") -> 0 | J16: =COUNTIF('Coverage-Detail-ProJcl-2010'!H276:H283,"Q4") -> 0 | K16: =SUM(G16:J16) -> 6 | L16: =COUNTIF('Coverage-Detail-ProJcl-2010'!D276:D282,"X") -> 6 | M16: =L16/E16*100 -> 85.714286
A17: MAP | B17: Pro/JCL | C17: STC | D17: Claudie | E17: ='Coverage-Detail-ProJcl-2010'!A288 -> 1 | F17: ='Coverage-Detail-ProJcl-2010'!E288 -> 0 | G17: =COUNTIF('Coverage-Detail-ProJcl-2010'!H286:H287,"Q1") -> 1 | H17: =COUNTIF('Coverage-Detail-ProJcl-2010'!H286:H287,"Q2") -> 0 | I17: =COUNTIF('Coverage-Detail-ProJcl-2010'!H286:H287,"Q3") -> 0 | J17: =COUNTIF('Coverage-Detail-ProJcl-2010'!H286:H287,"Q4") -> 0 | K17: =SUM(G17:J17) -> 1 | L17: =COUNTIF('Coverage-Detail-ProJcl-2010'!D286:D287,"X") -> 1 | M17: =L17/E17*100 -> 100
A18: MAP | B18: Pro/JCL | C18: System | D18: Claudie | E18: ='Coverage-Detail-ProJcl-2010'!A300 -> 8 | F18: ='Coverage-Detail-ProJcl-2010'!E300 -> 0 | G18: =COUNTIF('Coverage-Detail-ProJcl-2010'!H290:H299,"Q1") -> 1 | H18: =COUNTIF('Coverage-Detail-ProJcl-2010'!H290:H299,"Q2") -> 0 | I18: =COUNTIF('Coverage-Detail-ProJcl-2010'!H290:H299,"Q3") -> 0 | J18: =COUNTIF('Coverage-Detail-ProJcl-2010'!H290:H299,"Q4") -> 0 | K18: =SUM(G18:J18) -> 1 | L18: =COUNTIF('Coverage-Detail-ProJcl-2010'!D290:D299,"X") -> 5 | M18: =L18/E18*100 -> 62.5
A19: MAP | B19: Pro/JCL | C19: Validation | D19: Claudie | E19: =SUM('Coverage-Detail-ProJcl-2010'!A320,'Coverage-Detail-ProJcl-2010'!A343) -> 38 | F19: ='Coverage-Detail-ProJcl-2010'!E343 -> 0 | G19: =COUNTIF('Coverage-Detail-ProJcl-2010'!H302:H342,"Q1") -> 1 | H19: =COUNTIF('Coverage-Detail-ProJcl-2010'!H302:H342,"Q2") -> 0 | I19: =COUNTIF('Coverage-Detail-ProJcl-2010'!H302:H342,"Q3") -> 0 | J19: =COUNTIF('Coverage-Detail-ProJcl-2010'!H302:H342,"Q4") -> 0 | K19: =SUM(G19:J19) -> 1 | L19: =COUNTIF('Coverage-Detail-ProJcl-2010'!D302:D342,"X") -> 35 | M19: =L19/E19*100 -> 92.105263
A20: QTP | B20: Pro/JCL | C20: Customize | D20: Scott
A21: QTP | B21: Pro/JCL | C21: JCL Editor | D21: Scott
A22: QTP | B22: Pro/JCL | C22: JMP | D22: Scott
A23: QTP | B23: Pro/JCL | C23: Local Scan | D23: Scott
A24: QTP | B24: Pro/JCL | C24: Mainframe Scan | D24: Scott
C25: Summary | E25: =SUM(E2:E24) -> 285 | F25: =SUM(F2:F24) -> 0 | G25: =SUM(G2:G24) -> 21 | H25: =SUM(H2:H24) -> 0 | I25: =SUM(I2:I24) -> 0 | J25: =SUM(J2:J24) -> 0 | K25: =SUM(K2:K24) -> 21 | L25: =SUM(L2:L24) -> 253
A26: MAP | B26: INFOX | C26: A_NISSAN_263 | D26: Lisa | E26: ='Coverage-Detail-Infox-2010'!A9 -> 6 | F26: ='Coverage-Detail-Infox-2010'!E9 -> 0 | G26: =COUNTIF('Coverage-Detail-Infox-2010'!H3:H8,"Q1") -> 1 | H26: =COUNTIF('Coverage-Detail-Infox-2010'!H3:H8,"Q2") -> 0 | I26: =COUNTIF('Coverage-Detail-Infox-2010'!H3:H8,"Q3") -> 0 | J26: =COUNTIF('Coverage-Detail-Infox-2010'!H3:H8,"Q4") -> 0 | K26: =SUM(G26:J26) -> 1 | L26: =SUM(G26:J26) -> 1 | M26: =L26/E26*100 -> 16.666667
B27: INFOX | C27: QUERY1 | D27: Lisa | E27: ='Coverage-Detail-Infox-2010'!A21 -> 10 | F27: ='Coverage-Detail-Infox-2010'!E21 -> 0 | G27: =COUNTIF('Coverage-Detail-Infox-2010'!H11:H20,"Q1") -> 0 | H27: =COUNTIF('Coverage-Detail-Infox-2010'!H11:H20,"Q2") -> 0 | I27: =COUNTIF('Coverage-Detail-Infox-2010'!H11:H20,"Q3") -> 0 | J27: =COUNTIF('Coverage-Detail-Infox-2010'!H11:H20,"Q4") -> 0 | K27: =SUM(G27:J27) -> 0 | L27: =SUM(G27:J27) -> 0 | M27: =L27/E27*100 -> 0
B28: INFOX | C28: REPORTS | D28: Lisa | E28: ='Coverage-Detail-Infox-2010'!A45 -> 22 | F28: ='Coverage-Detail-Infox-2010'!E45 -> 0 | G28: =COUNTIF('Coverage-Detail-Infox-2010'!H23:H44,"Q1") -> 0 | H28: =COUNTIF('Coverage-Detail-Infox-2010'!H23:H44,"Q2") -> 0 | I28: =COUNTIF('Coverage-Detail-Infox-2010'!H23:H44,"Q3") -> 0 | J28: =COUNTIF('Coverage-Detail-Infox-2010'!H23:H44,"Q4") -> 0 | K28: =SUM(G28:J28) -> 0 | L28: =SUM(G28:J28) -> 0 | M28: =L28/E28*100 -> 0
B29: INFOX | C29: SETUP1 | D29: Lisa | E29: ='Coverage-Detail-Infox-2010'!A67 -> 20 | F29: ='Coverage-Detail-Infox-2010'!E67 -> 0 | G29: =COUNTIF('Coverage-Detail-Infox-2010'!H47:H66,"Q1") -> 0 | H29: =COUNTIF('Coverage-Detail-Infox-2010'!H47:H66,"Q2") -> 0 | I29: =COUNTIF('Coverage-Detail-Infox-2010'!H47:H66,"Q3") -> 0 | J29: =COUNTIF('Coverage-Detail-Infox-2010'!H47:H66,"Q4") -> 0 | K29: =SUM(G29:J29) -> 0 | L29: =SUM(G29:J29) -> 0 | M29: =L29/E29*100 -> 0
B30: INFOX | C30: UPDATE1 | D30: Lisa | E30: ='Coverage-Detail-Infox-2010'!A81 -> 12 | F30: ='Coverage-Detail-Infox-2010'!E81 -> 0 | G30: =COUNTIF('Coverage-Detail-Infox-2010'!H69:H80,"Q1") -> 0 | H30: =COUNTIF('Coverage-Detail-Infox-2010'!H69:H80,"Q2") -> 0 | I30: =COUNTIF('Coverage-Detail-Infox-2010'!H69:H80,"Q3") -> 0 | J30: =COUNTIF('Coverage-Detail-Infox-2010'!H69:H80,"Q4") -> 0 | K30: =SUM(G30:J30) -> 0 | L30: =SUM(G30:J30) -> 0 | M30: =L30/E30*100 -> 0
B31: INFOX | C31: XREF_CICSGROUP1 | D31: Lisa | E31: ='Coverage-Detail-Infox-2010'!A85 -> 2 | F31: ='Coverage-Detail-Infox-2010'!E85 -> 0 | G31: =COUNTIF('Coverage-Detail-Infox-2010'!H83:H84,"Q1") -> 0 | H31: =COUNTIF('Coverage-Detail-Infox-2010'!H83:H84,"Q2") -> 0 | I31: =COUNTIF('Coverage-Detail-Infox-2010'!H83:H84,"Q3") -> 0 | J31: =COUNTIF('Coverage-Detail-Infox-2010'!H83:H84,"Q4") -> 0 | K31: =SUM(G31:J31) -> 0 | L31: =SUM(G31:J31) -> 0 | M31: =L31/E31*100 -> 0
B32: INFOX | C32: XREF_CICSTRANSACTION1 | D32: Lisa | E32: ='Coverage-Detail-Infox-2010'!A91 -> 4 | F32: ='Coverage-Detail-Infox-2010'!E91 -> 0 | G32: =COUNTIF('Coverage-Detail-Infox-2010'!H87:H90,"Q1") -> 0 | H32: =COUNTIF('Coverage-Detail-Infox-2010'!H87:H90,"Q2") -> 0 | I32: =COUNTIF('Coverage-Detail-Infox-2010'!H87:H90,"Q3") -> 0 | J32: =COUNTIF('Coverage-Detail-Infox-2010'!H87:H90,"Q4") -> 0 | K32: =SUM(G32:J32) -> 0 | L32: =SUM(G32:J32) -> 0 | M32: =L32/E32*100 -> 0
B33: INFOX | C33: XREF_DB2COLLECTIONID1 | D33: Lisa | E33: ='Coverage-Detail-Infox-2010'!A96 -> 2 | F33: ='Coverage-Detail-Infox-2010'!E96 -> 1 | G33: =COUNTIF('Coverage-Detail-Infox-2010'!H93:H95,"Q1") -> 0 | H33: =COUNTIF('Coverage-Detail-Infox-2010'!H93:H95,"Q2") -> 3 | I33: =COUNTIF('Coverage-Detail-Infox-2010'!H93:H95,"Q3") -> 0 | J33: =COUNTIF('Coverage-Detail-Infox-2010'!H93:H95,"Q4") -> 0 | K33: =SUM(G33:J33) -> 3 | L33: =SUM(G33:J33) -> 3 | M33: =L33/E33*100 -> 150
B34: INFOX | C34: XREF_DB2PACKAGE1 | D34: Lisa | E34: ='Coverage-Detail-Infox-2010'!A101 -> 3 | F34: ='Coverage-Detail-Infox-2010'!E101 -> 0 | G34: =COUNTIF('Coverage-Detail-Infox-2010'!H98:H100,"Q1") -> 0 | H34: =COUNTIF('Coverage-Detail-Infox-2010'!H98:H100,"Q2") -> 2 | I34: =COUNTIF('Coverage-Detail-Infox-2010'!H98:H100,"Q3") -> 0 | J34: =COUNTIF('Coverage-Detail-Infox-2010'!H98:H100,"Q4") -> 0 | K34: =SUM(G34:J34) -> 2 | L34: =SUM(G34:J34) -> 2 | M34: =L34/E34*100 -> 66.666667
B35: INFOX | C35: XREF_DB2PLAN1 | D35: Lisa | E35: ='Coverage-Detail-Infox-2010'!A105 -> 2 | F35: ='Coverage-Detail-Infox-2010'!E105 -> 0 | G35: =COUNTIF('Coverage-Detail-Infox-2010'!H103:H104,"Q1") -> 0 | H35: =COUNTIF('Coverage-Detail-Infox-2010'!H103:H104,"Q2") -> 1 | I35: =COUNTIF('Coverage-Detail-Infox-2010'!H103:H104,"Q3") -> 0 | J35: =COUNTIF('Coverage-Detail-Infox-2010'!H103:H104,"Q4") -> 0 | K35: =SUM(G35:J35) -> 1 | L35: =SUM(G35:J35) -> 1 | M35: =L35/E35*100 -> 50
B36: INFOX | C36: XREF_DB2TABLE1 | D36: Lisa | E36: ='Coverage-Detail-Infox-2010'!A110 -> 3 | F36: ='Coverage-Detail-Infox-2010'!E110 -> 0 | G36: =COUNTIF('Coverage-Detail-Infox-2010'!H107:H109,"Q1") -> 0 | H36: =COUNTIF('Coverage-Detail-Infox-2010'!H107:H109,"Q2") -> 2 | I36: =COUNTIF('Coverage-Detail-Infox-2010'!H107:H109,"Q3") -> 0 | J36: =COUNTIF('Coverage-Detail-Infox-2010'!H107:H109,"Q4") -> 0 | K36: =SUM(G36:J36) -> 2 | L36: =SUM(G36:J36) -> 2 | M36: =L36/E36*100 -> 66.666667
B37: INFOX | C37: XREF_DSNAME1 | D37: Lisa | E37: ='Coverage-Detail-Infox-2010'!A117 -> 4 | F37: ='Coverage-Detail-Infox-2010'!E117 -> 0 | G37: =COUNTIF('Coverage-Detail-Infox-2010'!H112:H116,"Q1") -> 0 | H37: =COUNTIF('Coverage-Detail-Infox-2010'!H112:H116,"Q2") -> 1 | I37: =COUNTIF('Coverage-Detail-Infox-2010'!H112:H116,"Q3") -> 0 | J37: =COUNTIF('Coverage-Detail-Infox-2010'!H112:H116,"Q4") -> 0 | K37: =SUM(G37:J37) -> 1 | L37: =SUM(G37:J37) -> 1 | M37: =L37/E37*100 -> 25
B38: INFOX | C38: ADMINISTRATOR | D38: Claudie | E38: ='Coverage-Detail-Infox-2010'!A131 -> 12 | F38: ='Coverage-Detail-Infox-2010'!E131 -> 0 | G38: =COUNTIF('Coverage-Detail-Infox-2010'!H119:H124,"Q1") -> 3 | H38: =COUNTIF('Coverage-Detail-Infox-2010'!H119:H130,"Q2") -> 7 | I38: =COUNTIF('Coverage-Detail-Infox-2010'!H119:H124,"Q3") -> 0 | J38: =COUNTIF('Coverage-Detail-Infox-2010'!H119:H124,"Q4") -> 0 | K38: =SUM(G38:J38) -> 10 | L38: =SUM(G38:J38) -> 10 | M38: =L38/E38*100 -> 83.333333
B39: INFOX | C39: XREF_JOB1 | D39: Claudie | E39: ='Coverage-Detail-Infox-2010'!A143 -> 10 | F39: ='Coverage-Detail-Infox-2010'!E143 -> 0 | G39: =COUNTIF('Coverage-Detail-Infox-2010'!H142:H1135,"Q1") -> 0 | H39: =COUNTIF('Coverage-Detail-Infox-2010'!H133:H142,"Q2") -> 9 | I39: =COUNTIF('Coverage-Detail-Infox-2010'!H133:H142,"Q3") -> 0 | J39: =COUNTIF('Coverage-Detail-Infox-2010'!H133:H142,"Q4") -> 0 | K39: =SUM(G39:J39) -> 9 | L39: =SUM(G39:J39) -> 9 | M39: =L39/E39*100 -> 90
B40: INFOX | C40: FOLDERS | D40: Claudie | E40: ='Coverage-Detail-Infox-2010'!A147 -> 2 | F40: ='Coverage-Detail-Infox-2010'!E147 -> 0 | G40: =COUNTIF('Coverage-Detail-Infox-2010'!H145:H146,"Q1") -> 0 | H40: =COUNTIF('Coverage-Detail-Infox-2010'!H145:H146,"Q2") -> 2 | I40: =COUNTIF('Coverage-Detail-Infox-2010'!H145:H146,"Q3") -> 0 | J40: =COUNTIF('Coverage-Detail-Infox-2010'!H145:H146,"Q4") -> 0 | K40: =SUM(G40:J40) -> 2 | L40: =SUM(G40:J40) -> 2 | M40: =L40/E40*100 -> 100
B41: INFOX | C41: MISC1 | D41: Claudie | E41: ='Coverage-Detail-Infox-2010'!A157 -> 8 | F41: ='Coverage-Detail-Infox-2010'!E157 -> 0 | G41: =COUNTIF('Coverage-Detail-Infox-2010'!H149:H156,"Q1") -> 0 | H41: =COUNTIF('Coverage-Detail-Infox-2010'!H149:H156,"Q2") -> 5 | I41: =COUNTIF('Coverage-Detail-Infox-2010'!H149:H156,"Q3") -> 0 | J41: =COUNTIF('Coverage-Detail-Infox-2010'!H149:H156,"Q4") -> 0 | K41: =SUM(G41:J41) -> 5 | L41: =SUM(G41:J41) -> 5 | M41: =L41/E41*100 -> 62.5
B42: INFOX | C42: PRINTSETUP | D42: Claudie | E42: ='Coverage-Detail-Infox-2010'!A169 -> 10 | F42: ='Coverage-Detail-Infox-2010'!E169 -> 0 | G42: =COUNTIF('Coverage-Detail-Infox-2010'!H159:H168,"Q1") -> 0 | H42: =COUNTIF('Coverage-Detail-Infox-2010'!H159:H168,"Q2") -> 9 | I42: =COUNTIF('Coverage-Detail-Infox-2010'!H159:H168,"Q3") -> 0 | J42: =COUNTIF('Coverage-Detail-Infox-2010'!H159:H168,"Q4") -> 0 | K42: =SUM(G42:J42) -> 9 | L42: =SUM(G42:J42) -> 9 | M42: =L42/E42*100 -> 90
B43: INFOX | C43: SORTS | D43: Claudie | E43: ='Coverage-Detail-Infox-2010'!A174 -> 2 | F43: ='Coverage-Detail-Infox-2010'!E174 -> 1 | G43: =COUNTIF('Coverage-Detail-Infox-2010'!H172:H173,"Q1") -> 0 | H43: =COUNTIF('Coverage-Detail-Infox-2010'!H172:H173,"Q2") -> 1 | I43: =COUNTIF('Coverage-Detail-Infox-2010'!H172:H173,"Q3") -> 0 | J43: =COUNTIF('Coverage-Detail-Infox-2010'!H172:H173,"Q4") -> 0 | K43: =SUM(G43:J43) -> 1 | L43: =SUM(G43:J43) -> 1 | M43: =L43/E43*100 -> 50
B44: INFOX | C44: XREF1 | D44: Claudie | E44: ='Coverage-Detail-Infox-2010'!A186 -> 10 | F44: ='Coverage-Detail-Infox-2010'!E186 -> 0 | G44: =COUNTIF('Coverage-Detail-Infox-2010'!H175:H185,"Q1") -> 0 | H44: =COUNTIF('Coverage-Detail-Infox-2010'!H175:H185,"Q2") -> 9 | I44: =COUNTIF('Coverage-Detail-Infox-2010'!H175:H185,"Q3") -> 0 | J44: =COUNTIF('Coverage-Detail-Infox-2010'!H175:H185,"Q4") -> 0 | K44: =SUM(G44:J44) -> 9 | L44: =SUM(G44:J44) -> 9 | M44: =L44/E44*100 -> 90
B45: INFOX | C45: XREF_JOB2 | D45: Claudie | E45: ='Coverage-Detail-Infox-2010'!A199 -> 11 | F45: ='Coverage-Detail-Infox-2010'!E199 -> 0 | G45: =COUNTIF('Coverage-Detail-Infox-2010'!H188:H198,"Q1") -> 0 | H45: =COUNTIF('Coverage-Detail-Infox-2010'!H188:H198,"Q2") -> 8 | I45: =COUNTIF('Coverage-Detail-Infox-2010'!H188:H198,"Q3") -> 0 | J45: =COUNTIF('Coverage-Detail-Infox-2010'!H188:H198,"Q4") -> 0 | K45: =SUM(G45:J45) -> 8 | L45: =SUM(G45:J45) -> 8 | M45: =L45/E45*100 -> 72.727273
B46: INFOX | C46: XREF_PGM1 | D46: Claudie | E46: ='Coverage-Detail-Infox-2010'!A210 -> 9 | F46: ='Coverage-Detail-Infox-2010'!E210 -> 0 | G46: =COUNTIF('Coverage-Detail-Infox-2010'!H201:H209,"Q1") -> 0 | H46: =COUNTIF('Coverage-Detail-Infox-2010'!H201:H209,"Q2") -> 7 | I46: =COUNTIF('Coverage-Detail-Infox-2010'!H201:H209,"Q3") -> 0 | J46: =COUNTIF('Coverage-Detail-Infox-2010'!H201:H209,"Q4") -> 0 | K46: =SUM(G46:J46) -> 7 | L46: =SUM(G46:J46) -> 7 | M46: =L46/E46*100 -> 77.777778
B47: INFOX | C47: XREF_PROC1 | D47: Claudie | E47: ='Coverage-Detail-Infox-2010'!A217 -> 5 | F47: ='Coverage-Detail-Infox-2010'!E217 -> 0 | G47: =COUNTIF('Coverage-Detail-Infox-2010'!H212:H216,"Q1") -> 0 | H47: =COUNTIF('Coverage-Detail-Infox-2010'!H212:H216,"Q2") -> 5 | I47: =COUNTIF('Coverage-Detail-Infox-2010'!H212:H216,"Q3") -> 0 | J47: =COUNTIF('Coverage-Detail-Infox-2010'!H212:H216,"Q4") -> 0 | K47: =SUM(G47:J47) -> 5 | L47: =SUM(G47:J47) -> 5 | M47: =L47/E47*100 -> 100
B48: INFOX | C48: XREF_SYSOUT1 | D48: Claudie | E48: ='Coverage-Detail-Infox-2010'!A223 -> 4 | F48: ='Coverage-Detail-Infox-2010'!E223 -> 0 | G48: =COUNTIF('Coverage-Detail-Infox-2010'!H219:H222,"Q1") -> 0 | H48: =COUNTIF('Coverage-Detail-Infox-2010'!H219:H222,"Q2") -> 0 | I48: =COUNTIF('Coverage-Detail-Infox-2010'!H219:H222,"Q3") -> 0 | J48: =COUNTIF('Coverage-Detail-Infox-2010'!H219:H222,"Q4") -> 0 | K48: =SUM(G48:J48) -> 0 | L48: =SUM(G48:J48) -> 0 | M48: =L48/E48*100 -> 0
B49: INFOX | K49: =SUM(G49:J49) -> 0
C50: Summary | E50: =SUM(E26:E49) -> 173 | F50: =SUM(F26:F49) -> 2 | G50: =SUM(G26:G49) -> 4 | H50: =SUM(H26:H49) -> 71 | I50: =SUM(I26:I49) -> 0 | J50: =SUM(J26:J49) -> 0 | K50: =SUM(K26:K49) -> 75 | L50: =SUM(L26:L49) -> 75
C55: Total Automation | E55: =SUM(E25+E50) -> 458 | F55: =SUM(F25+F50) -> 2 | G55: =SUM(G25+G50) -> 25 | H55: =SUM(H25+H50) -> 71 | I55: =SUM(I25+I50) -> 0 | J55: =SUM(J25+J50) -> 0 | K55: =SUM(K25+K50) -> 96 | L55: =SUM(L25+L50) -> 328
C58: Automation by Analyst | D58: Claudie | E58: =SUM(E2:E19,E38:E48) -> 368 | F58: =SUM(F2:F19,F38:F48) -> 1 | G58: =SUM('Coverage-Detail-ProJcl-2010'!A350,'Coverage-Detail-Infox-2010'!A233) -> 24 | H58: =SUM('Coverage-Detail-ProJcl-2010'!A351,'Coverage-Detail-Infox-2010'!A234) -> 62 | I58: =SUM('Coverage-Detail-ProJcl-2010'!A352,'Coverage-Detail-Infox-2010'!A235) -> 0 | J58: =SUM('Coverage-Detail-ProJcl-2010'!A353,'Coverage-Detail-Infox-2010'!A236) -> 0 | K58: =SUM(K2:K19,K38:K48) -> 86 | L58: =SUM(L2:L19,L38:L48) -> 318
D59: Scott | E59: =SUM(E20:E24) -> 0 | F59: =SUM(F20:F24) -> 0 | G59: =SUM('Coverage-Detail-ProJcl-2010'!A360,'Coverage-Detail-Infox-2010'!A243) -> 0 | H59: =SUM('Coverage-Detail-ProJcl-2010'!A361,'Coverage-Detail-Infox-2010'!A244) -> 0 | I59: =SUM('Coverage-Detail-ProJcl-2010'!A362,'Coverage-Detail-Infox-2010'!A245) -> 0 | J59: =SUM('Coverage-Detail-ProJcl-2010'!A363,'Coverage-Detail-Infox-2010'!A246) -> 0 | K59: =SUM(K20:K24) -> 0 | L59: =SUM(L20:L24) -> 0
D60: Lisa | E60: =SUM(E26:E37) -> 90 | F60: =SUM(F26:F37) -> 1 | G60: =SUM('Coverage-Detail-ProJcl-2010'!A355,'Coverage-Detail-Infox-2010'!A238) -> 1 | H60: =SUM('Coverage-Detail-ProJcl-2010'!A356,'Coverage-Detail-Infox-2010'!A239) -> 11 | I60: =SUM('Coverage-Detail-ProJcl-2010'!A357,'Coverage-Detail-Infox-2010'!A240) -> 0 | J60: =SUM('Coverage-Detail-ProJcl-2010'!A358,'Coverage-Detail-Infox-2010'!A241) -> 0 | K60: =SUM(K26:K37) -> 10 | L60: =SUM(L26:L37) -> 10

Sheet Coverage-Detail-ProJcl-2010
D1: Converted | E1: New | K1: Code | L1: Script
A2: Total for Suite | C2: WinRunner Scripts | D2: to MAP | E2: Script | F2: Date | G2: Analyst | H2: Quarter 2010 | I2: Analyst/Qtr | J2: Comments | K2: Review | L2: P/F/I | M2: Date | N2: Analyst | O2: Notes
B4: ADMIN1:
C5: PD1B006 | D5: X | F5: 39822 | G5: LisaC
C6: PH35055 | F6: 39846 | G6: LisaC | J6: need function to handle parameter tables
C7: PH43055 | D7: X | F7: 40046 | G7: cjm | J7: need function to check cursor position
C8: PH15034 | D8: X | F8: 40044 | G8: LisaC | J8: waiting for 'presskey' function & function to handle popup panel w/ no scroll field
C9: PH49014 | D9: X | F9: 40045 | G9: cjm
C10: PH48002 | D10: X | F10: 40046 | G10: cjm
C11: PH16071 | D11: X | F11: 40049 | G11: cjm
A12: =COUNTA(C5:C11) -> 7 | E12: =COUNTIF(E5:E11,"Y") -> 0
B14: HELP1:
C15: HELP_ADMINISTRATION | D15: X | F15: 39937 | G15: cjm | J15: D0JHDIA3.txt has 2 panel ID (the first panel and the superimposed popup panelid)
C16: HELP_JMP_SETTINGS | D16: X | F16: 40049 | G16: cjm
C17: HELP_MAINMENU | D17: X | F17: 39938 | G17: cjm
C18: HELP_REFORMATTER | D18: X | F18: 39953 | G18: cjm
C19: HELP_REFORMATTER_STATEMENTS | D19: X | F19: 39953 | G19: cjm
C20: HELP_RTS_SETTINGS | D20: X | F20: 39938 | G20: cjm
A21: =COUNTA(C15:C21) -> 6
B23: HELP2:
C24: P12738 | D24: X | F24: 39961 | G24: cjm
C25: P13219 | D25: X | F25: 39961 | G25: cjm
C26: PC11012 | D26: X | F26: 39961 | G26: cjm | J26: capture Reformat DD help panel D0SHREF3 has extra blank pages at the bottom.
C27: PH22125 | D27: X | F27: 39965 | G27: cjm
C28: PH25112 | D28: X | F28: 39965 | G28: cjm
C29: PH2C051 | D29: X | F29: 39965 | G29: cjm
C30: PH43053 | D30: X | F30: 39966 | G30: cjm | J30: Test for copyright failed opening Impact ticket: 683536
C31: P685586 | D31: X | F31: 40126 | G31: cjm | J31: New testcase PR290
A32: =COUNTA(C24:C31) -> 8 | E32: =COUNTIF(E15:E31,"Y") -> 0
B33: JJ1
C34: P10927 | D34: X | F34: 39870 | G34: cjm
C35: P11135 | D35: X | F35: 39842 | G35: LisaC
C36: P11573 | D36: X | F36: 39869 | G36: cjm
C37: P12455 | D37: X | F37: 39869 | G37: cjm
C38: P12479 | D38: X | F38: 39870 | G38: cjm
C39: P12783 | D39: X | F39: 39869 | G39: cjm
C40: P13394 | D40: X | F40: 40149 | G40: cjm
C41: PC24008 | D41: X | F41: 39871 | G41: cjm
C42: PH11081 | D42: X | F42: 40150 | G42: cjm
C43: PH11083 | D43: X | F43: 39871 | G43: cjm
C44: PH12020 | D44: X | F44: 39868 | G44: cjm
C45: PH22137 | D45: X | F45: 39868 | G45: cjm
C46: PH28151 | D46: X | F46: 40079 | G46: cjm | J46: need to check direct execution jmp messages/added p106089
C47: PH29030 | D47: X | F47: 39870 | G47: cjm
C48: PH29034 | D48: X | F48: 39869 | G48: cjm
C49: PH2A021 | D49: X | F49: 39869 | G49: cjm
C50: PC1A018 | D50: X | F50: 39874 | G50: cjm
C51: PR13295 | D51: X | F51: 39868 | G51: cjm
A52: =COUNTA(C34:C51) -> 18
B54: JJ2
C55: P665386 | D55: X | E55: \ | F55: 40133 | G55: cjm | J55: new script added on PR290
C56: PC38013 | D56: X | F56: 39865 | G56: cjm
C57: PC5B001 | J57: Checking for a B37 (may take too long to run).
C58: PH21085 | D58: X | F58: 39867 | G58: cjm | K58: skb
C59: PH35063 | D59: X | F59: 39867 | G59: cjm | K59: skb
C60: PR10126 | D60: X | F60: 39867 | G60: cjm | K60: skb
C61: PR12783 | D61: X | F61: 39867 | G61: cjm | K61: skb
C62: PR12988 | D62: X | F62: 39868 | G62: cjm | K62: skb
C63: PR13084 | D63: X | F63: 39847 | G63: cjm | K63: skb
C64: PR13123 | D64: X | F64: 39874 | G64: cjm | J64: use verifyPopup. COMPLETED/ Needs review
C65: PR13225 | D65: X | F65: 39849 | G65: cjm | K65: skb
C66: PR13272 | D66: X | F66: 39853 | G66: cjm | K66: skb
C67: PR13398 | D67: X | F67: 39854 | G67: cjm | K67: skb
C68: PC1C002 | D68: X | F68: 39855 | G68: cjm | K68: skb
C69: PU16004 | D69: X | F69: 39855 | G69: cjm | K69: skb
C70: PU1C007 | D70: X | F70: 39855 | G70: cjm | K70: skb
C71: PC38001 | D71: X | F71: 2/24.2009 | G71: cjm | J71: This script needs to run TZ17A because of Migrated dataset. | K71: skb
C72: PH3C024 | D72: X | F72: 39856 | G72: cjm | K72: skb
C73: PC3B013 | D73: X | F73: 39863 | G73: cjm | K73: skb
C74: PH39099 | D74: X | F74: 39864 | G74: cjm | K74: skb
C75: PH43180 | D75: X | F75: 39864 | G75: cjm | K75: skb
C76: PH42017 | D76: X | F76: 39864 | G76: cjm | K76: skb
C77: PH43112 | D77: X | F77: 39867 | G77: cjm | K77: skb
C78: PH43054 | D78: X | F78: 39867 | G78: cjm | K78: skb
C79: PH3A067 | D79: X | F79: 39867 | G79: cjm | K79: skb
C80: PH42016 | D80: X | F80: 40205 | G80: cjm | H80: Q1 | I80: ClaudieQ1
C81: PH3A015 | D81: X | F81: 39867 | G81: cjm | K81: skb
C82: PH3A059 | D82: X | F82: 39867 | G82: cjm | K82: skb
C83: PH3A062 | D83: X | F83: 39867 | G83: cjm | K83: skb
C84: PH3A065 | D84: X | F84: 39867 | G84: cjm | K84: skb
C85: PH3A114 | D85: X | F85: 39868 | G85: cjm | K85: skb
C86: PH49013 | D86: X | F86: 39868 | G86: cjm | K86: skb
A87: =COUNTA(C55:C86) -> 32 | E87: =COUNTIF(E34:E86,"Y") -> 0
B89: JJDIRECT1
C90: PH28086 | D90: X | F90: 40206 | G90: cjm | H90: Q1 | I90: ClaudieQ1
C91: PH29103 | D91: X | F91: 40058 | G91: cjm
C92: PH34042 | D92: I | F92: 40205 | G92: cjm
C93: PD29007 | D93: X | F93: 39994 | G93: cjm
C94: PH2A147 | D94: X | F94: 39995 | G94: cjm
C95: PH2A157 | D95: X | F95: 40000 | G95: cjm
C96: PH3A115 | D96: X | F96: 40001 | G96: cjm
C97: PD28006 | D97: X | F97: 40206 | G97: cjm | H97: Q1 | I97: ClaudieQ1 | J97: when capturing report bottom of data does not show up .
C98: PH44080 | D98: X | F98: 39993 | G98: cjm
C99: PH4C001 | D99: X | F99: 39993 | G99: cjm
C100: PU4B014 | D100: X | F100: 39995 | G100: cjm
C101: PU42008
C102: PH43016 | D102: X | F102: 40234 | G102: cjm | H102: Q1 | I102: ClaudieQ1
C103: PH48003 | D103: X | F103: 40245 | G103: cjm | H103: Q1 | I103: ClaudieQ1
C104: PH48030 | D104: X | F104: 39988 | G104: cjm
A105: =COUNTA(C90:C104) -> 15 | E105: =COUNTIF(E90:E104,"Y") -> 0
...

Sheet Coverage-Detail-Infox-2010
A1: Suite Totals | B1: Suite | C1: Test Case Document | D1: Converted to MAP | E1: New Scripts | F1: Date | G1: Analyst/Qtr | H1: Quarter | I1: Estimated Time | J1: Actual Time | K1: Lisa Est. Time | L1: Claudie Est. Time | M1: Comments | N1: Comments
A2: Lisa | B2: A_NISSAN_263
C3: IC53007 | D3: Y | G3: LisaQ1 | H3: Q1 | I3: 4
C4: IH54039 | I4: 4 | M4: scott
C5: IC55006 | I5: 4
C6: IC53008 | I6: 4
C7: IC55010 | I7: 4
C8: IH54029 | I8: 4 | K8: 24
A9: =COUNTA(C3:C8) -> 6 | E9: =COUNTIF(E3:E8,"Y") -> 0
A10: Lisa | B10: QUERY1
C11: IH4B026 | D11: in progress | I11: 2
C12: I12602 | I12: 2
C13: I12628 | I13: 2
C14: I12757 | I14: 2
C15: IH11020 | I15: 2
C16: IH1A166 | I16: 2
C17: IH55035 | I17: 2
C18: IU3A008 | I18: 2
C19: IM92355 | I19: 2
C20: PIQRY001 | I20: 2 | K20: 20
A21: =COUNTA(C10:C20) -> 10
A22: Lisa | B22: REPORTS | E22: =COUNTIF(E11:E21,"Y") -> 0
C23: IH54031 | I23: 2
C24: IC11025 | I24: 2
C25: IC18007 | I25: 2
C26: IC1C005 | I26: 2
C27: IC27001 | I27: 2
C28: ID12008 | I28: 2
C29: ID12010 | I29: 2
C30: IH12106 | I30: 2
C31: IH1C035 | I31: 2
C32: IH1C071 | I32: 2
C33: IH23036 | I33: 2
C34: IH48031 | I34: 2
... C42: IH55054 | I42: 2
C43: IM92493 | I43: 2 | K43: 44
C44: IM92538 | I44: 2
A45: =COUNTA(C23:C44) -> 22 | E45: =COUNTIF(E23:E44,"Y") -> 0
A46: Lisa | B46: SETUP1
C47: IH48072 | I47: 2
C48: IC1B003 | I48: 2
C49: IH12135 | I49: 2
C50: IH13027 | I50: 2
C51: IH16065 | I51: 2
C52: IH1A097 | I52: 2
C53: IH35079 | I53: 2
C54: IH35079 | I54: 2
C55: IH3B034 | I55: 2
C56: IH46012 | I56: 2
C57: IH48060 | I57: 2
C58: IH49009 | I58: 2
... C65: IM108845 | I65: 2
C66: P695135 | I66: 2 | K66: 40
A67: =COUNTA(C47:C66) -> 20 | E67: =COUNTIF(E47:E66,"Y") -> 0
A68: Lisa | B68: UPDATE1
C69: IH54062 | I69: 2
C70: I11903 | I70: 2
C71: IC1A023 | I71: 2
C72: IH12176 | I72: 2
C73: IH12235 | I73: 2
C74: IH16064 | I74: 2
C75: IH16151 | I75: 2
C76: IH21101 | I76: 2
C77: IH25016 | I77: 2
C78: IH25036 | I78: 2
C79: IH3A127 | I79: 2
C80: IH3C036 | I80: 2 | K80: 24
A81: =COUNTA(C69:C80) -> 12 | E81: =COUNTIF(E69:E80,"Y") -> 0
A82: Lisa | B82: XREF_CICSGROUP1
C83: IH36024 | I83: 2
C84: IH46042 | I84: 2 | K84: 4
A85: =COUNTA(C83:C84) -> 2 | E85: =COUNTIF(E83:E84,"Y") -> 0
A86: Lisa | B86: XREF_CICSTRANSACTION1
C87: IH1A028 | I87: 2
C88: IH35045 | I88: 2
C89: IH39102 | I89: 2
C90: IM91489 | I90: 2 | K90: 8
A91: =COUNTA(C87:C90) -> 4 | E91: =COUNTIF(E87:E90,"Y") -> 0
A92: Lisa | B92: XREF_DB2COLLECTIONID1
C93: IM92010 | D93: Y | G93: LisaQ2 | H93: Q2 | I93: 2
C94: PIXRF008 | D94: Y | G94: LisaQ2 | H94: Q2 | I94: 2 | K94: 4
C95: PI106569 | D95: Y | E95: Y | G95: LisaQ2 | H95: Q2 | I95: 2 | K95: 4
A96: =COUNTA(C93:C94) -> 2 | E96: =COUNTIF(E93:E95,"Y") -> 1 | G96: LisaQ2
A97: Lisa | B97: XREF_DB2PACKAGE1
C98: IH13043 | D98: Y | G98: LisaQ2 | H98: Q2 | I98: 2
C99: IH12046 | D99: Y | G99: LisaQ2 | H99: Q2 | I99: 2
C100: PIXRF009 | I100: 2 | K100: 6
A101: =COUNTA(C98:C100) -> 3 | E101: =COUNTIF(E98:E100,"Y") -> 0
A102: Lisa | B102: XREF_DB2PLAN1
C103: IM91549 | D103: Y | G103: LisaQ2 | H103: Q2 | I103: 2
C104: PIXRF007 | I104: 2 | K104: 4
A105: =COUNTA(C103:C104) -> 2 | E105: =COUNTIF(E103:E104,"Y") -> 0
A106: Lisa | B106: XREF_DB2TABLE1
C107: ID25008 | D107: Y | G107: LisaQ2 | H107: Q2 | I107: 2
C108: IM90400 | D108: Y | G108: LisaQ2 | H108: Q2 | I108: 2
C109: PIXRF010 | I109: 2 | K109: 6
A110: =COUNTA(C107:C109) -> 3 | E110: =COUNTIF(E107:E109,"Y") -> 0
A111: Lisa | B111: XREF_DSNAME1
C112: IH49037 | D112: Y | G112: LisaQ2 | H112: Q2 | I112: 2
C113: IH53002 | D113: I | I113: 2 | N113: need function to check # in confirmation panel matches panel list #
...

Sheet Automation FY2010
A1: Product | B1: Version | C1: Platform(s) | D1: Type | E1: Created by | F1: # of TC as of 12/31/09 | G1: # of TS as of 12/31/09 | H1: # of TC as of 12/31/10 | I1: # of TS as of 12/31/10 | J1: New TC this FY | K1: New TS this FY
A2: Pro/JCL - ISPF | B2: 2.9 | C2: Z/OS | D2: MAP | E2: QA | F2: ='FY 2009 Coverage'!E36 -> 260 | G2: ='FY 2009 Coverage'!J36 -> 245 | J2: ='FY2010 Coverage'!F25 -> 0 | K2: ='FY2010 Coverage'!F25 -> 0
A3: Info/Xe - ISPF | B3: 2.9 | C3: Z/OS | D3: MAP | E3: QA | J3: ='FY2010 Coverage'!F50 -> 2 | K3: ='FY2010 Coverage'!F50 -> 2
A4: Info/Xe - Windows Client | B4: 2.9 | C4: W32; W64 | D4: QTP | E4: QA
E5: Totals | F5: =SUM(F2:F3) -> 260 | G5: =SUM(G2:G3) -> 245 | H5: =SUM(H2:H3) -> 0 | I5: =SUM(I2:I3) -> 0 | J5: =SUM(J2:J3) -> 2 | K5: =SUM(K2:K3) -> 2
E6: Increase | K6: =(+G5-#REF!)/#REF! -> #REF!
A10: Notes:
A11: Original 276 Pro/JCLTestCases were WinRunner; coverted to MAP scripts
A12: Original 175 Info/Xe TestCases were WinRunner; coverted to MAP scripts

Sheet Automation FY09
A1: Product | B1: Version | C1: Platform(s) | D1: Type | E1: Created by | F1: # of TC as of 12/31/09 | G1: # of TS as of 12/31/09 | H1: New TC this FY | I1: New TS this FY
A2: Pro/JCL - ISPF | B2: 2.9 | C2: Z/OS | D2: MAP | E2: QA | F2: ='FY 2009 Coverage'!E36 -> 260 | G2: ='FY 2009 Coverage'!J36 -> 245 | H2: 4 | I2: 248
A3: Info/Xe - ISPF | B3: 2.9 | C3: Z/OS | D3: MAP | E3: QA
A4: Info/Xe - Windows Client | B4: 2.9 | C4: W32; W64 | D4: QTP | E4: QA
E5: Totals | F5: =SUM(F2:F3) -> 260 | G5: =SUM(G2:G3) -> 245 | H5: =SUM(H2:H3) -> 4 | I5: =SUM(I2:I3) -> 248
E6: Increase | I6: =(+G5-#REF!)/#REF! -> #REF!
A9: Notes:
A10: Original 276 Pro/JCLTestCases were WinRunner; coverted to MAP scripts
A11: Original 175 Info/Xe TestCases were WinRunner; coverted to MAP scripts

Sheet FY09 Totals
A1: Quarter Totals
B2: Q1 | D2: Q2 | F2: Q3 | H2: Q4 | J2: FY TCtal
A3: AuTCmation Type | B3: TC | C3: TS | D3: TC | E3: TS | F3: TC | G3: TS | H3: TC | I3: TS | J3: TC | K3: TS
A4: MAP - Pro/JCL | H4: ='FY 2009 Coverage'!E27 -> 260 | I4: ='FY 2009 Coverage'!J27 -> 245 | J4: =SUM(B4,D4,F4,H4) -> 260 | K4: =SUM(C4,E4,G4,I4) -> 245
A5: MAP - Infox | J5: =SUM(B5,D5,F5,H5) -> 0 | K5: =SUM(C5,E5,G5,I5) -> 0
J6: =SUM(B6,D6,F6,H6) -> 0 | K6: =SUM(C6,E6,G6,I6) -> 0
A7: TCtals | B7: =SUM(B4:B6) -> 0 | C7: =SUM(C4:C6) -> 0 | D7: =SUM(D4:D6) -> 0 | E7: =SUM(E4:E6) -> 0 | F7: =SUM(F4:F6) -> 0 | G7: =SUM(G4:G6) -> 0 | H7: =SUM(H4:H6) -> 260 | I7: =SUM(I4:I6) -> 245 | ... K7: =SUM(K4:K6) -> 245
A12: Totals for each AuTCmation Developer
B13: Q1 | D13: Q2 | F13: Q3 | H13: Q4 | J13: Developer TCtal
A14: Developer | B14: TC | C14: TS | D14: TC | E14: TS | F14: TC | G14: TS | H14: TC | I14: TS | J14: TC | K14: TS
A15: Claudie | H15: ='FY 2009 Coverage'!E36 -> 260 | I15: 248 | J15: =SUM(B15,D15,F15,H15) -> 260 | K15: =SUM(C15,E15,G15,I15,) -> 248
A16: Lisa | J16: =SUM(B16,D16,F16,H16) -> 0 | K16: =SUM(C16,E16,G16,I16,) -> 0
A17: Scott | J17: 0 | K17: 0
A18: TCtals | B18: =SUM(B15:B16) -> 0 | C18: =SUM(C15:C16) -> 0 | D18: =SUM(D15:D16) -> 0 | E18: =SUM(E15:E16) -> 0 | F18: =SUM(F15:F16) -> 0 | G18: =SUM(G15:G16) -> 0 | H18: =SUM(H15:H16) -> 260 | I18: =SUM(I15:I16) -> 248 | ... K18: =SUM(K15:K16) -> 248

Sheet FY 2009 Coverage
A1: Automation Type | B1: Product | C1: Area Covered | D1: Owner | E1: Test Cases | F1: Scripts Q1 | G1: Scripts Q2 | H1: Scripts Q3 | I1: Scripts Q4 | J1: Total Scripts | K1: % complt
A2: MAP | B2: Pro/JCL | C2: Admin | D2: Claudie | E2: ='Coverage-Detail-ProJcl-2010'!A12 -> 7 | J2: =COUNTIF('Coverage-Detail-ProJcl-2010'!D5:D11,"X") -> 6 | K2: =J2/E2*100 -> 85.714286
A3: MAP | B3: Pro/JCL | C3: Help | D3: Claudie | E3: =SUM('Coverage-Detail-ProJcl-2010'!A32,'Coverage-Detail-ProJcl-2010'!A21) -> 14 | J3: =COUNTIF('Coverage-Detail-ProJcl-2010'!D15:D31,"X") -> 14 | K3: =J3/E3*100 -> 100
A4: MAP | B4: Pro/JCL | C4: JJ | D4: Claudie | E4: =SUM('Coverage-Detail-ProJcl-2010'!A52,'Coverage-Detail-ProJcl-2010'!A87) -> 50 | J4: =COUNTIF('Coverage-Detail-ProJcl-2010'!D34:D86,"X") -> 49 | K4: =J4/E4*100 -> 98
A5: MAP | B5: Pro/JCL | C5: JJDirect | D5: Claudie | E5: ='Coverage-Detail-ProJcl-2010'!A105 -> 15 | J5: =COUNTIF('Coverage-Detail-ProJcl-2010'!D90:D104,"X") -> 13 | K5: =J5/E5*100 -> 86.666667
A6: MAP | B6: Pro/JCL | C6: JJScan | D6: Claudie | E6: ='Coverage-Detail-ProJcl-2010'!A111 -> 3 | J6: =COUNTIF('Coverage-Detail-ProJcl-2010'!D108:D110,"X") -> 3 | K6: =J6/E6*100 -> 100
A7: MAP | B7: Pro/JCL | C7: JMP | D7: Claudie | E7: ='Coverage-Detail-ProJcl-2010'!A131 -> 0 | J7: =COUNTIF('Coverage-Detail-ProJcl-2010'!D114:D130,"X") -> 17 | K7: =J7/E7*100 -> #DIV/0!
A8: MAP | B8: Pro/JCL | C8: MISC | D8: Claudie | E8: ='Coverage-Detail-ProJcl-2010'!A142 -> 7 | J8: =COUNTIF('Coverage-Detail-ProJcl-2010'!D133:D141,"X") -> 5 | K8: =J8/E8*100 -> 71.428571
A9: MAP | B9: Pro/JCL | C9: Product Usage | D9: Claudie | E9: ='Coverage-Detail-ProJcl-2010'!A146 -> 1 | J9: =COUNTIF('Coverage-Detail-ProJcl-2010'!D144:D145,"X") -> 0 | K9: =J9/E9*100 -> 0
A10: MAP | B10: Pro/JCL | C10: Reformat | D10: Claudie | E10: ='Coverage-Detail-ProJcl-2010'!A168 -> 20 | J10: =COUNTIF('Coverage-Detail-ProJcl-2010'!D148:D167,"X") -> 16 | K10: =J10/E10*100 -> 80
A11: MAP | B11: Pro/JCL | C11: Remote Validation | D11: Claudie | E11: ='Coverage-Detail-ProJcl-2010'!A179 -> 8 | J11: =COUNTIF('Coverage-Detail-ProJcl-2010'!D171:D178,"X") -> 8 | K11: =J11/E11*100 -> 100
A12: MAP | B12: Pro/JCL | C12: RTS | D12: Claudie | E12: =SUM('Coverage-Detail-ProJcl-2010'!A201,'Coverage-Detail-ProJcl-2010'!A231) -> 47 | J12: =COUNTIF('Coverage-Detail-ProJcl-2010'!D181:D230,"X") -> 40 | K12: =J12/E12*100 -> 85.106383
A13: MAP | B13: Pro/JCL | C13: Scheduler | D13: Claudie | E13: ='Coverage-Detail-ProJcl-2010'!A260 -> 26 | J13: =COUNTIF('Coverage-Detail-ProJcl-2010'!D234:D259,"X") -> 20 | K13: =J13/E13*100 -> 76.923077
A14: MAP | B14: Pro/JCL | C14: Selection Exit | D14: Claudie | E14: ='Coverage-Detail-ProJcl-2010'!A264 -> 1 | J14: =COUNTIF('Coverage-Detail-ProJcl-2010'!D262:D263,"X") -> 1 | K14: =J14/E14*100 -> 100
A15: MAP | B15: Pro/JCL | C15: Selection List | D15: Claudie | E15: ='Coverage-Detail-ProJcl-2010'!A274 -> 7 | J15: =COUNTIF('Coverage-Detail-ProJcl-2010'!D266:D272,"X") -> 6 | K15: =J15/E15*100 -> 85.714286
A16: MAP | B16: Pro/JCL | C16: Shared | D16: Claudie | E16: ='Coverage-Detail-ProJcl-2010'!A284 -> 7 | J16: =COUNTIF('Coverage-Detail-ProJcl-2010'!D276:D282,"X") -> 6 | K16: =J16/E16*100 -> 85.714286
A17: MAP | B17: Pro/JCL | C17: STC | D17: Claudie | E17: ='Coverage-Detail-ProJcl-2010'!A288 -> 1 | J17: =COUNTIF('Coverage-Detail-ProJcl-2010'!D286:D287,"X") -> 1 | K17: =J17/E17*100 -> 100
A18: MAP | B18: Pro/JCL | C18: System | D18: Claudie | E18: ='Coverage-Detail-ProJcl-2010'!A300 -> 8 | J18: =COUNTIF('Coverage-Detail-ProJcl-2010'!D290:D299,"X") -> 5 | K18: =J18/E18*100 -> 62.5
A19: MAP | B19: Pro/JCL | C19: Validation | D19: Claudie | E19: =SUM('Coverage-Detail-ProJcl-2010'!A320,'Coverage-Detail-ProJcl-2010'!A343) -> 38 | J19: =COUNTIF('Coverage-Detail-ProJcl-2010'!D302:D342,"X") -> 35 | K19: =J19/E19*100 -> 92.105263
A20: QTP | B20: Pro/JCL | C20: Customize | D20: Scott
A21: QTP | B21: Pro/JCL | C21: JCL Editor | D21: Scott
A22: QTP | B22: Pro/JCL | C22: JMP | D22: Scott
A23: QTP | B23: Pro/JCL | C23: Local Scan | D23: Scott
A24: QTP | B24: Pro/JCL | C24: Mainframe Scan | D24: Scott
A25: QTP | B25: Pro/JCL | C25: Quick Scan | D25: Scott
B26: Pro/JCL | C26: Map Infrastructure/new functions | D26: Scott
C27: Summary | E27: =SUM(E2:E26) -> 260 | F27: =SUM(F2:F26) -> 0 | G27: =SUM(G2:G26) -> 0 | H27: =SUM(H2:H26) -> 0 | I27: =SUM(I2:I26) -> 0 | J27: =SUM(J2:J26) -> 245 | K27: =J27/E27*100 -> 94.230769
A29: MAP | B29: INFOX | D29: Scott
C31: Summary | E31: =SUM(E29:E30) -> 0 | F31: =SUM(F29:F30) -> 0 | G31: =SUM(G29:G30) -> 0 | H31: =SUM(H29:H30) -> 0 | I31: =SUM(I29:I30) -> 0 | J31: =SUM(J29:J30) -> 0
C36: Total Automation | E36: =SUM(E27+E31) -> 260 | F36: =SUM(F27+F31) -> 0 | G36: =SUM(G27+G31) -> 0 | H36: =SUM(H27+H31) -> 0 | I36: =SUM(I27+I31) -> 0 | J36: =SUM(J27+J31) -> 245
B38: Note: the Coverage-Detail report will be updated with a date routine to pull stats on a quarterly basis.
